{

  "metadata" :
  {
    "formatVersion" : 3.1,
    "generatedBy"   : "Blender 2.66 Exporter",
    "vertices"      : 10,
    "faces"         : 11,
    "normals"       : 14,
    "colors"        : 0,
    "uvs"           : [],
    "materials"     : 0,
    "morphTargets"  : 0,
    "bones"         : 0
  },

  "scale" : 1.000000,

  "vertices":[2,-0.5,-0.5,2,-0.5,0.5,-2,-0.5,0.5,-2,-0.5,-0.5,2,0.5,-0.549999,2,0.5,0.45,-2,0.5,0.5,-2,0.5,-0.5,0,1.5,-0.5,-1e-06,1.5,0.5],

  "morphTargets" : [],

  "normals":[-0.447214,-1e-06,-0.894427,1,1e-06,-0,-1,-1e-06,1e-06,0,-0.998752,0.049937,-0,-1,-0,-0.016662,-0.999722,-0.016662,0.447214,1e-06,-0.894427,-0,1,-0,0.049875,0.997509,-0.049875,-0,1,0,-0.578936,-0.574114,0.578936,0.584674,-0.571215,0.576037,0.569811,0.583453,0.578631,-0.575732,0.580523,0.575732],

  "colors" : [],

  "uvs" : [],

  "faces":[35,8,7,6,9,0,0,0,0,0,35,0,4,5,1,0,1,1,1,1,35,2,6,7,3,0,2,2,2,2,34,4,0,3,0,3,3,3,34,3,7,8,0,4,4,4,34,3,8,4,0,5,5,5,35,4,8,9,5,0,6,6,6,6,34,6,2,1,0,7,7,7,34,1,5,9,0,8,8,8,34,1,9,6,0,9,9,9,35,3,0,1,2,0,10,11,12,13],

  "bones" : [],

  "skinIndices" : [],

  "skinWeights" : [],

  "animation" : {}


}
